{"cameraMode":{"drawMode":0,"name":"Shaded","section":"Shading Mode"},"sceneLighting":true,"audioPlay":false,"sceneViewState":{"showFog":true,"showMaterialUpdate":false,"showSkybox":true,"showFlares":true,"showImageEffects":true,"showParticleSystems":true},"in2DMode":false,"pivot":{"x":55.011173248291019,"y":-29.60942840576172,"z":-23.69414710998535},"rotation":{"x":0.1356656551361084,"y":0.7959409356117249,"z":-0.19377711415290833,"w":0.557246208190918},"size":88.55244445800781,"orthographic":false}