{"cameraMode":{"drawMode":0,"name":"Shaded","section":"Shading Mode"},"sceneLighting":true,"audioPlay":false,"sceneViewState":{"showFog":true,"showMaterialUpdate":false,"showSkybox":true,"showFlares":true,"showImageEffects":true,"showParticleSystems":true},"in2DMode":false,"pivot":{"x":59.981483459472659,"y":-28.714942932128908,"z":-11.396839141845704},"rotation":{"x":0.1356656551361084,"y":0.7959409356117249,"z":-0.19377711415290833,"w":0.557246208190918},"size":95.92058563232422,"orthographic":false}